"name_data","gross_data","prod_data","release_data","perc_return","days_since_jan_1"
"Avatar",2787965087,2.37e+08,2009-12-18,1176.35657679325,351
"Titanic",2187463944,2e+08,1997-12-19,1093.731972,352
"Star Wars:The Force Awakens",2068223624,2.45e+08,2015-12-18,844.172907755102,351
"Jurassic World",1671713208,1.5e+08,2015-06-12,1114.475472,162
"Marvel's The Avengers",1518812988,2.2e+08,2012-05-04,690.36954,124
"Furious 7",1516045911,1.9e+08,2015-04-03,797.918900526316,92
"Avengers:Age of Ultron",1405403694,2.5e+08,2015-05-01,562.1614776,120
"Frozen",1276480335,1.5e+08,2013-11-22,850.98689,325
"Beauty and the Beast (2017)",1263521126,1.6e+08,2017-03-17,789.70070375,75
"The Fate of the Furious",1236005118,2.5e+08,2017-04-14,494.4020472,103
"Iron Man 3",1214811252,2e+08,2013-05-03,607.405626,122
"Minions",1159398397,7.4e+07,2015-07-10,1566.75459054054,190
"Captain America:Civil War",1153304495,2.5e+08,2016-05-06,461.321798,126
"Transformers:Dark of the Moon",1123794079,1.95e+08,2011-06-29,576.304655897436,179
"The Lord of the Rings:The Return of the King",1119929521,9.4e+07,2003-12-17,1191.41438404255,350
"Skyfall",1108561013,2e+08,2012-11-09,554.2805065,313
"Transformers:Age of Extinction",1104054072,2.1e+08,2014-06-27,525.740034285714,177
"The Dark Knight Rises",1084939099,2.5e+08,2012-07-20,433.9756396,201
"Toy Story 3",1066969703,2e+08,2010-06-18,533.4848515,168
"Pirates of the Caribbean:Dead Man's Chest",1066179725,2.25e+08,2006-07-07,473.857655555556,187
"Rogue One:A Star Wars Story",1056057273,2e+08,2016-12-16,528.0286365,350
"Pirates of the Caribbean:On Stranger Tides",1045713802,2.5e+08,2011-05-20,418.2855208,139
"Despicable Me 3",1034799409,8e+07,2017-06-30,1293.49926125,180
"Jurassic Park",1029153882,6.3e+07,1993-06-11,1633.57759047619,161
"Star Wars:Episode I - The Phantom Menace",1027044677,1.15e+08,1999-05-19,893.082327826087,138
"Alice in Wonderland (2010)",1025467110,2e+08,2010-03-05,512.733555,63
"The Dark Knight",1004558444,1.85e+08,2008-07-18,543.004564324324,199
"Harry Potter and the Sorcerer's Stone",974755371,1.25e+08,2001-11-16,779.8042968,319
"Despicable Me 2",970761885,7.6e+07,2013-07-03,1277.31826973684,183
"The Lion King",968483777,4.5e+07,1994-06-15,2152.18617111111,165
"The Jungle Book (2016)",966550600,1.75e+08,2016-04-15,552.314628571429,105
"Pirates of the Caribbean:At World's End",963420425,3e+08,2007-05-25,321.140141666667,144
"Jumanji:Welcome to the Jungle",957721136,9e+07,2017-12-20,1064.13459555556,353
"Finding Nemo",940335536,9.4e+07,2003-05-30,1000.35695319149,149
"Harry Potter and the Order of the Phoenix",939885929,1.5e+08,2007-07-11,626.590619333333,191
"Harry Potter and the Half-Blood Prince",934416487,2.5e+08,2009-07-15,373.7665948,195
"The Lord of the Rings:The Two Towers",926047111,9.4e+07,2002-12-18,985.15650106383,351
"Shrek 2",919838758,1.5e+08,2004-05-19,613.225838666667,139
"Harry Potter and the Goblet of Fire",896911078,1.5e+08,2005-11-18,597.940718666667,321
"Spider-Man 3",890871626,2.58e+08,2007-05-04,345.299079844961,123
"Ice Age:Dawn of the Dinosaurs",886686817,9e+07,2009-07-01,985.207574444444,181
"Spectre",880674609,2.45e+08,2015-11-06,359.459024081633,309
"Spider-Man:Homecoming",880166924,1.75e+08,2017-07-07,502.952528,187
"Harry Potter and the Chamber of Secrets",878979634,1e+08,2002-11-15,878.979634,318
"Ice Age:Continental Drift",877244782,9.5e+07,2012-07-13,923.41556,194
"The Secret Life of Pets",875457937,7.5e+07,2016-07-08,1167.27724933333,189
"Batman v Superman:Dawn of Justice",873634919,2.5e+08,2016-03-25,349.4539676,84
"The Lord of the Rings:The Fellowship of the Ring",871530324,9.3e+07,2001-12-19,937.129380645161,352
"Wolf Warrior 2",870325439,3e+07,2017-07-28,2901.08479666667,208
"The Hunger Games:Catching Fire",865011746,1.3e+08,2013-11-22,665.393650769231,325
"Guardians of the Galaxy Vol. 2",863756051,2e+08,2017-05-05,431.8780255,124
"Inside Out",857611174,1.75e+08,2015-06-19,490.063528,169
"Thor:Ragnarok",853977126,1.8e+08,2017-11-03,474.431736666667,306
"Star Wars:Episode III - Revenge of the Sith",848754768,1.13e+08,2005-05-19,751.110414159292,138
"Transformers:Revenge of the Fallen",836303693,2e+08,2009-06-24,418.1518465,174
"The Twilight Saga:Breaking Dawn Part 2",829746820,1.2e+08,2012-11-16,691.455683333333,320
"Inception",828322032,1.6e+08,2010-07-16,517.70127,196
"Wonder Woman",821847012,1.49e+08,2017-06-02,551.575175838926,152
"Spider-Man",821708551,1.39e+08,2002-05-03,591.157230935252,122
"Independence Day",817400891,7.5e+07,1996-07-03,1089.86785466667,184
"Fantastic Beasts and Where To Find Them",814037575,1.8e+08,2016-11-18,452.243097222222,322
"Shrek the Third",798958162,1.6e+08,2007-05-18,499.34885125,137
"Harry Potter and the Prisoner of Azkaban",796688549,1.3e+08,2004-06-04,612.837345384615,155
"Pirates of the Caribbean:Dead Men Tell No Tales",794861794,2.3e+08,2017-05-26,345.592084347826,145
"E.T.:The Extra-Terrestrial",792910554,1e+07,1982-06-11,7929.10554,161
"Fast & Furious 6",788679850,1.6e+08,2013-05-24,492.92490625,143
"Indiana Jones and the Kingdom of the Crystal Skull",786636033,1.85e+08,2008-05-22,425.208666486486,142
"Spider-Man 2",783766341,2e+08,2004-06-30,391.8831705,181
"Deadpool",783112979,5.8e+07,2016-02-12,1350.19479137931,42
"Star Wars",775398007,1.1e+07,1977-05-25,7049.07279090909,144
"Guardians of the Galaxy",773328629,1.7e+08,2014-08-01,454.899193529412,212
"2012",769679473,2e+08,2009-11-13,384.8397365,316
"Maleficent",758539785,1.8e+08,2014-05-30,421.410991666667,149
"The Da Vinci Code",758239851,1.25e+08,2006-05-19,606.5918808,138
"The Amazing Spider-Man",757930663,2.3e+08,2012-07-03,329.535070869565,184
"The Hunger Games:Mockingjay - Part 1",755356711,1.25e+08,2014-11-21,604.2853688,324
"Shrek Forever After",752600867,1.65e+08,2010-05-21,456.121737575758,140
"X-Men:Days of Future Past",747862775,2e+08,2014-05-23,373.9313875,142
"Madagascar 3:Europe's Most Wanted",746921274,1.45e+08,2012-06-08,515.11812,159
"Suicide Squad",746846894,1.75e+08,2016-08-05,426.769653714286,217
"The Chronicles of Narnia:The Lion, the Witch and the Wardrobe",745013115,1.8e+08,2005-12-09,413.896175,342
"The Matrix Reloaded",742128461,1.5e+08,2003-05-15,494.752307333333,134
"Up",735099082,1.75e+08,2009-05-29,420.056618285714,148
"Gravity",723192705,1e+08,2013-10-04,723.192705,276
"Captain America:The Winter Soldier",714264267,1.7e+08,2014-04-04,420.155451176471,93
"The Twilight Saga:Breaking Dawn Part 1",712205856,1.1e+08,2011-11-18,647.459869090909,321
"Dawn of the Planet of the Apes",710644566,1.7e+08,2014-07-11,418.026215294118,191
"The Twilight Saga:New Moon",709711008,5e+07,2009-11-20,1419.422016,323
"Transformers",709709780,1.5e+08,2007-07-03,473.139853333333,183
"It",700381748,3.5e+07,2017-09-08,2001.09070857143,250
"The Twilight Saga:Eclipse",698491347,6.8e+07,2010-06-30,1027.19315735294,180
"Mission:Impossible - Ghost Protocol",694713380,1.45e+08,2011-12-16,479.112675862069,349
"The Hunger Games",694394724,7.8e+07,2012-03-23,890.249646153846,82
"Mission:Impossible - Rogue Nation",682714267,1.5e+08,2015-07-31,455.142844666667,211
"Forrest Gump",677945399,5.5e+07,1994-07-06,1232.62799818182,186
"Doctor Strange",677718395,1.65e+08,2016-11-04,410.738421212121,308
"Interstellar",677463813,1.65e+08,2014-11-05,410.584129090909,308
"The Sixth Sense",672806292,4e+07,1999-08-06,1682.01573,217
"Man of Steel",668045518,2.25e+08,2013-06-14,296.909119111111,164
"Kung Fu Panda 2",665692281,1.5e+08,2011-05-26,443.794854,145
"Ice Age:The Meltdown",660940780,8e+07,2006-03-31,826.175975,89
"Big Hero 6",657818612,1.65e+08,2014-11-07,398.677946666667,310
"Pirates of the Caribbean:The Curse of the Black Pearl",654264015,1.4e+08,2003-07-09,467.331439285714,189
"The Hunger Games:Mockingjay - Part 2",653428261,1.6e+08,2015-11-20,408.392663125,323
"Star Wars:Episode II - Attack of the Clones",649398328,1.15e+08,2002-05-16,564.69419826087,135
"Thor:The Dark World",644571402,1.7e+08,2013-11-08,379.159648235294,311
"Sing",634151679,7.5e+07,2016-12-21,845.535572,355
"The Incredibles",633019734,9.2e+07,2004-11-05,688.06492826087,309
"Kung Fu Panda",631744560,1.3e+08,2008-06-06,485.957353846154,157
"The Martian",630161890,1.08e+08,2015-10-02,583.483231481481,274
"Fast Five",626137675,1.25e+08,2011-04-29,500.91014,118
"Hancock",624386746,1.5e+08,2008-07-02,416.257830666667,183
"MIB 3",624026776,2.25e+08,2012-05-25,277.345233777778,145
"Iron Man 2",623933331,2e+08,2010-05-07,311.9666655,126
"How to Train Your Dragon 2",621537519,1.45e+08,2014-06-13,428.646564827586,163
"Ratatouille",620702951,1.5e+08,2007-06-29,413.801967333333,179
"Logan",619021436,9.7e+07,2017-03-03,638.166428865979,61
"The Lost World:Jurassic Park",618638999,7.3e+07,1997-05-23,847.450683561644,142
"The Passion of the Christ",611899420,3e+07,2004-02-25,2039.66473333333,55
"Mamma Mia!",609841637,5.2e+07,2008-07-18,1172.77237884615,199
"Life of Pi",609016565,1.2e+08,2012-11-21,507.513804166667,325
"Transformers:The Last Knight",605425157,2.17e+08,2017-06-21,278.997768202765,171
"Madagascar:Escape 2 Africa",603900354,1.5e+08,2008-11-07,402.600236,311
"Casino Royale",599045960,1.5e+08,2006-11-17,399.363973333333,320
"Tangled",591794936,2.6e+08,2010-11-24,227.613436923077,327
"War of the Worlds",591745540,1.32e+08,2005-06-29,448.292075757576,179
"Men in Black",589390539,9e+07,1997-07-02,654.878376666667,182
"The Croods",587204668,1.35e+08,2013-03-22,434.966420740741,80
"The Hangover Part II",586764305,8e+07,2011-05-26,733.45538125,145
"Quantum of Solace",586090727,2e+08,2008-11-14,293.0453635,318
"I Am Legend",585349010,1.5e+08,2007-12-14,390.232673333333,347
"Iron Man",585174222,1.4e+08,2008-05-02,417.981587142857,122
"Monsters, Inc.",577425734,1.15e+08,2001-11-02,502.109333913043,305
"Fifty Shades of Grey",571006128,4e+07,2015-02-13,1427.51532,43
"Kong:Skull Island",566652812,1.85e+08,2017-03-10,306.298817297297,68
"The Smurfs",563749323,1.1e+08,2011-07-29,512.499384545455,209
"Cars 2",562110557,2e+08,2011-06-24,281.0552785,174
"Puss in Boots",554987477,1.3e+08,2011-10-28,426.913443846154,300
"Armageddon",553709788,1.4e+08,1998-07-01,395.506991428571,181
"King Kong",550517357,2.07e+08,2005-12-14,265.950414009662,347
"Ted",549368315,5e+07,2012-06-29,1098.73663,180
"American Sniper",547426372,5.8e+07,2014-12-25,943.838572413793,358
"Mission:Impossible II",546388105,1.25e+08,2000-05-24,437.110484,144
"The Day After Tomorrow",544272402,1.25e+08,2004-05-28,435.4179216,148
"X-Men:Apocalypse",543934787,1.78e+08,2016-05-27,305.581341011236,147
"Cinderella (2015)",543514353,9.5e+07,2015-03-13,572.120371578947,71
"Despicable Me",543113985,6.9e+07,2010-07-09,787.121717391304,189
"Brave",540437063,1.85e+08,2012-06-22,292.128142162162,173
"World War Z",540007876,1.9e+08,2013-06-21,284.214671578947,171
"The Empire Strikes Back",538375067,1.8e+07,1980-05-21,2990.97259444444,141
"WALL-E",533281433,1.8e+08,2008-06-27,296.267462777778,178
"The Revenant",532950503,1.35e+08,2015-12-25,394.77815037037,358
"Godzilla (2014)",529076069,1.6e+08,2014-05-16,330.672543125,135
"Dunkirk",527268280,1e+08,2017-07-21,527.26828,201
"The Simpsons Movie",527071022,7.5e+07,2007-07-27,702.761362666667,207
"Sherlock Holmes",524028679,9e+07,2009-12-25,582.254087777778,358
"Kung Fu Panda 3",521170825,1.45e+08,2016-01-29,359.428155172414,28
"Terminator 2:Judgment Day",520881154,1.02e+08,1991-07-03,510.667798039216,183
"Ant-Man",519311965,1.3e+08,2015-07-17,399.470742307692,197
"Meet the Fockers",516642939,8e+07,2004-12-22,645.80367375,356
"Ghost",505702588,2.2e+07,1990-07-13,2298.64812727273,193
"Aladdin",504050219,2.8e+07,1992-11-13,1800.17935357143,317
"Rio 2",500101972,1.03e+08,2014-04-11,485.535895145631,100
"Troy",497409852,1.75e+08,2004-05-14,284.234201142857,134
"Toy Story 2",497366869,9e+07,1999-11-19,552.629854444444,322
"How to Train Your Dragon",494878759,1.65e+08,2010-03-26,299.926520606061,84
"Twister",494471524,9.2e+07,1996-05-10,537.469047826087,130
"Teenage Mutant Ninja Turtles (2014)",493333584,1.25e+08,2014-08-08,394.6668672,219
"Oz The Great and Powerful",493311825,2.15e+08,2013-03-08,229.447360465116,66
"Clash of the Titans (2010)",493214993,1.25e+08,2010-04-02,394.5719944,91
"War for the Planet of the Apes",490719763,1.5e+08,2017-07-14,327.146508666667,194
"Angels & Demons",485930816,1.5e+08,2009-05-15,323.953877333333,134
"Rio",484635760,9e+07,2011-04-15,538.484177777778,104
"Bruce Almighty",484592874,8.1e+07,2003-05-23,598.262807407407,142
"Shrek",484409218,6e+07,2001-05-16,807.348696666667,135
"Saving Private Ryan",481840909,7e+07,1998-07-24,688.344155714286,204
"Rise of the Planet of the Apes",481801049,9.3e+07,2011-08-05,518.065644086022,216
"Mr. & Mrs. Smith",478207520,1.1e+08,2005-06-10,434.734109090909,160
"Home Alone",476684675,1.8e+07,1990-11-16,2648.24819444444,319
"Return of the Jedi",475106177,3.2e+07,1983-05-25,1484.706803125,144
"Charlie and the Chocolate Factory",474968763,1.5e+08,2005-07-15,316.645842,195
"Indiana Jones and the Last Crusade",474171806,4.8e+07,1989-05-24,987.857929166667,143
"San Andreas",473990832,1.1e+08,2015-05-29,430.900756363636,148
"Hotel Transylvania 2",473226958,8e+07,2015-09-25,591.5336975,267
"Wreck-It Ralph",471222889,1.65e+08,2012-11-02,285.58962969697,306
"The LEGO Movie",469160692,6e+07,2014-02-07,781.934486666667,37
"The Hangover",467483912,3.5e+07,2009-06-05,1335.66832,155
"Star Trek Into Darkness",467381469,1.9e+08,2013-05-16,245.990246842105,135
"The Matrix",463517383,6.3e+07,1999-03-31,735.741877777778,89
"Pretty Woman",463406268,1.4e+07,1990-03-23,3310.04477142857,81
"Lucy",463360063,4e+07,2014-07-25,1158.4001575,205
"Cars",462216280,1.2e+08,2006-06-09,385.180233333333,159
"Gladiator",460583960,1.03e+08,2000-05-05,447.168893203883,125
"X-Men:The Last Stand",459359555,2.1e+08,2006-05-26,218.742645238095,145
"Mission:Impossible",457696359,8e+07,1996-05-22,572.12044875,142
"The Last Samurai",456758981,1.4e+08,2003-12-05,326.256415,338
"300",456068181,6.5e+07,2007-03-09,701.643355384615,67
"Ocean's Eleven",450717150,8.5e+07,2001-12-07,530.255470588235,340
"Thor",449326618,1.5e+08,2011-05-06,299.551078666667,125
"Pearl Harbor",449220945,1.4e+08,2001-05-25,320.872103571429,144
"Tarzan",448191819,1.3e+08,1999-06-16,344.762937692308,166
"La La Land",446092357,3e+07,2016-12-09,1486.97452333333,343
"Alvin and the Chipmunks:The Squeakquel",443140005,7.5e+07,2009-12-23,590.85334,356
"The Bourne Ultimatum",442824138,1.1e+08,2007-08-03,402.567398181818,214
"Men in Black II",441818803,1.4e+08,2002-07-03,315.584859285714,183
"Les Miserables (2012)",441809770,6.1e+07,2012-12-25,724.27831147541,359
"Mrs. Doubtfire",441286195,2.5e+07,1993-11-24,1765.14478,327
"Terminator:Genisys",440603537,1.55e+08,2015-07-01,284.260346451613,181
"Warcraft",433677183,1.6e+08,2016-06-10,271.048239375,161
"Terminator 3:Rise of the Machines",433371112,2e+08,2003-07-02,216.685556,182
"The Mummy Returns",433013274,9.8e+07,2001-05-04,441.850279591837,123
"Die Another Day",431971116,1.42e+08,2002-11-22,304.205011267606,325
"Cast Away",429632142,9e+07,2000-12-22,477.369046666667,356
"The Greatest Showman",429149943,8.4e+07,2017-12-20,510.892789285714,353
"The Matrix Revolutions",427343298,1.5e+08,2003-11-05,284.895532,308
"Django Unchained",425368238,1e+08,2012-12-25,425.368238,359
"Beauty and the Beast",424967620,2.5e+07,1991-11-15,1699.87048,318
"Dances with Wolves",424208848,2.2e+07,1990-11-09,1928.22203636364,312
"The Chronicles of Narnia:Prince Caspian",419665568,2.25e+08,2008-05-16,186.518030222222,136
"The Mummy",415933406,8e+07,1999-05-07,519.9167575,126
"The Chronicles of Narnia:The Voyage of the Dawn Treader",415686217,1.55e+08,2010-12-10,268.184656129032,343
"Jason Bourne",415484914,1.2e+08,2016-07-29,346.237428333333,210
"Sex and the City",415253641,6.5e+07,2008-05-30,638.851755384615,150
"The Wolverine",414828246,1.2e+08,2013-07-26,345.690205,206
"Kingsman:The Secret Service",414351546,8.1e+07,2015-02-13,511.545118518519,43
"The King's Speech",414211549,1.5e+07,2010-11-26,2761.41032666667,329
"Night at the Museum:Battle of the Smithsonian",413106170,1.5e+08,2009-05-22,275.404113333333,141
"Batman",411348924,3.5e+07,1989-06-23,1175.28264,173
"Pacific Rim",411002906,1.9e+08,2013-07-12,216.317318947368,192
"Kingsman:The Golden Circle",410902662,1.04e+08,2017-09-22,395.098713461538,264
"The Mummy (2017)",409231607,1.25e+08,2017-06-09,327.3852856,159
"Ice Age:Collision Course",408579038,1.05e+08,2016-07-22,389.122893333333,203
"Signs",408247917,7.2e+07,2002-08-02,567.010995833333,213
"X2:X-Men United",407711549,1.1e+08,2003-05-02,370.646862727273,121
"Prometheus",403354469,1.3e+08,2012-06-08,310.272668461538,159
"The Mummy:Tomb of the Dragon Emperor",401128639,1.45e+08,2008-08-01,276.640440689655,213
"Tron Legacy",400062763,1.7e+08,2010-12-17,235.331037058824,350
"Mission:Impossible III",397850012,1.5e+08,2006-05-05,265.233341333333,124
"Snow White and the Huntsman",396592829,1.7e+08,2012-06-01,233.289899411765,152
"Twilight",393616788,3.7e+07,2008-11-21,1063.82915675676,325
"The Wolf of Wall Street",392000694,1e+08,2013-12-25,392.000694,358
"Superman Returns",391081192,2.7e+08,2006-06-28,144.844885925926,178
"Robin Hood:Prince of Thieves",390493908,4.8e+07,1991-06-14,813.528975,164
"Raiders of the Lost Ark",389925971,1.8e+07,1981-06-12,2166.25539444444,162
"Independence Day:Resurgence",389681935,1.65e+08,2016-06-24,236.17086969697,175
"Home (2015)",386041607,1.35e+08,2015-03-27,285.956745925926,85
"Star Trek",385680446,1.5e+08,2009-05-08,257.120297333333,127
"Happy Feet",384335608,1e+08,2006-11-17,384.335608,320
"Live Free or Die Hard",383531464,1.1e+08,2007-06-27,348.664967272727,177
"Ice Age",383257136,5.9e+07,2002-03-15,649.588366101695,73
"Monsters Vs. Aliens",381509870,1.75e+08,2009-03-27,218.00564,85
"Fifty Shades Darker",381128783,5.5e+07,2017-02-10,692.961423636364,40
"Back to the Future",381109762,1.9e+07,1985-07-03,2005.84085263158,183
"Godzilla",379014294,1.3e+08,1998-05-20,291.549456923077,139
"True Lies",378882411,1.15e+08,1994-07-15,329.462966086956,195
"Mad Max:Fury Road",378858340,1.5e+08,2015-05-15,252.572226666667,134
"Slumdog Millionaire",377910544,1.5e+07,2008-11-12,2519.40362666667,316
"Taken 2",376141306,4.5e+07,2012-10-05,835.869568888889,278
"G.I. Joe:Retaliation",375740705,1.3e+08,2013-03-28,289.031311538462,86
"Batman Begins",374218673,1.5e+08,2005-06-15,249.479115333333,165
"What Women Want",374111707,7e+07,2000-12-15,534.445295714286,349
"X-Men Origins:Wolverine",373062864,1.5e+08,2009-05-01,248.708576,120
"Penguins of Madagascar",373015621,1.32e+08,2014-11-26,282.587591666667,329
"The Golden Compass",372234864,1.8e+08,2007-12-07,206.797146666667,340
"Terminator Salvation",371353001,2e+08,2009-05-21,185.6765005,140
"Captain America:The First Avenger",370569774,1.4e+08,2011-07-22,264.692695714286,202
"Edge of Tomorrow",370541256,1.78e+08,2014-06-06,208.16924494382,156
"There's Something About Mary",369884651,2.3e+07,1998-07-15,1608.19413478261,195
"Gone Girl",369330363,6.1e+07,2014-10-03,605.45961147541,275
"Jurassic Park III",368780809,9.3e+07,2001-07-18,396.538504301075,198
"Fifty Shades Freed",368307760,5.5e+07,2018-02-09,669.650472727273,39
"Hitch",368100420,7e+07,2005-02-11,525.857742857143,41
"Shark Tale",367275019,7.5e+07,2004-10-01,489.700025333333,274
"Die Hard:With A Vengeance",366101666,9e+07,1995-05-19,406.779628888889,138
"Notting Hill",363889678,4.2e+07,1999-05-28,866.403995238095,147
"A Bug's Life",363258859,1.2e+08,1998-11-20,302.715715833333,323
"Night at the Museum:Secret of the Tomb",363204635,1.27e+08,2014-12-19,285.987901574803,352
"Fast and Furious",363164265,8.5e+07,2009-04-03,427.252076470588,92
"Ocean's Twelve",362744280,1.1e+08,2004-12-10,329.767527272727,344
"Noah",362637473,1.25e+08,2014-03-28,290.1099784,86
"Planet of the Apes (2001)",362211740,1e+08,2001-07-27,362.21174,207
"The Hangover Part III",362000072,1.03e+08,2013-05-23,351.456380582524,142
"The World Is Not Enough",361832400,1.35e+08,1999-11-19,268.024,322
"Alvin and the Chipmunks",361336633,6e+07,2007-12-14,602.227721666667,347
"The Karate Kid",359126022,4e+07,2010-06-11,897.815055,161
"Hotel Transylvania",358375603,8.5e+07,2012-09-28,421.618356470588,271
"Minority Report",358372926,1.02e+08,2002-06-21,351.346005882353,171
"Rampage (2018)",358043100,1.2e+08,2018-04-13,298.36925,102
"The Legend of Tarzan",356700357,1.8e+08,2016-07-01,198.166865,182
"American Beauty",356296601,1.5e+07,1999-09-15,2375.31067333333,257
"Rain Man",354825435,2.5e+07,1988-12-16,1419.30174,350
"The Great Gatsby (2013)",353641895,1.05e+08,2013-05-10,336.801804761905,129
"X-Men:First Class",353624124,1.6e+08,2011-06-03,221.0150775,153
"Basic Instinct",352927224,4.9e+07,1992-03-20,720.259640816327,79
"The Angry Birds Movie",352333929,7.3e+07,2016-05-20,482.649217808219,140
"Catch Me If You Can",352114312,5.2e+07,2002-12-25,677.142907692308,358
"Now You See Me",351723989,7.5e+07,2013-05-31,468.965318666667,150
"Murder on the Orient Express (2017)",351717054,5.5e+07,2017-11-10,639.485552727273,313
"Hannibal",351692268,8.7e+07,2001-02-09,404.243986206897,39
"The Mask",351583407,2.3e+07,1994-07-29,1528.62350869565,209
"Speed",350448145,3e+07,1994-06-10,1168.16048333333,160
"Dinosaur",349822765,1.27e+08,2000-05-19,275.450996062992,139
"Dr. Seuss' The Lorax",348840316,7e+07,2012-03-02,498.343308571429,61
"The Maze Runner",348319861,3.4e+07,2014-09-19,1024.47017941176,261
"The Smurfs 2",347545360,1.05e+08,2013-07-31,330.995580952381,211
"National Treasure",347512318,1e+08,2004-11-19,347.512318,323
"Rush Hour 2",347325802,9e+07,2001-08-03,385.917557777778,214
"I, Robot",347234916,1.2e+08,2004-07-16,289.36243,197
"Trolls",346864462,1.25e+08,2016-11-04,277.4915696,308
"xXx:The Return of Xander Cage",346147658,8.5e+07,2017-01-20,407.232538823529,19
"How the Grinch Stole Christmas",345141403,1.23e+08,2000-11-17,280.602766666667,321
"Star Trek Beyond",343471816,1.85e+08,2016-07-22,185.660441081081,203
"Alvin and the Chipmunks:Chipwrecked",342695435,7.5e+07,2011-12-16,456.927246666667,349
"The Flintstones",341631208,4.6e+07,1994-05-27,742.676539130435,146
"Wanted",341433252,7.5e+07,2008-06-27,455.244336,178
"Enchanted",340487652,8.5e+07,2007-11-21,400.573708235294,324
"300:Rise of An Empire",337580051,1.1e+08,2014-03-07,306.890955454545,65
"Batman Forever",336529144,1e+08,1995-06-16,336.529144,166
"Prince of Persia:The Sands of Time",336365676,2e+08,2010-05-28,168.182838,147
"Journey 2:The Mysterious Island",335260290,7.9e+07,2012-02-10,424.380113924051,40
"The Rock",335062621,7.5e+07,1996-06-07,446.750161333333,158
"The Great Wall",334933831,1.5e+08,2017-02-17,223.289220666667,47
"The Curious Case of Benjamin Button",333932083,1.5e+08,2008-12-25,222.621388666667,359
"Indiana Jones and the Temple of Doom",333107271,2.8e+07,1984-05-23,1189.668825,143
"Back to the Future Part II",331950002,4e+07,1989-11-22,829.875005,325
"22 Jump Street",331333876,5e+07,2014-06-13,662.667752,163
"Fantastic Four (2005)",330579719,1e+08,2005-07-08,330.579719,188
"Meet the Parents",330444045,5.5e+07,2000-10-06,600.807354545455,279
"Who Framed Roger Rabbit",329803958,7e+07,1988-06-24,471.148511428571,175
"Black Swan",329398046,1.3e+07,2010-12-03,2533.83112307692,336
"The Perfect Storm",328718434,1.4e+08,2000-06-30,234.798881428571,181
"Seven",327311859,3.3e+07,1995-09-22,991.854118181818,264
"The Devil Wears Prada",326551094,3.5e+07,2006-06-30,933.003125714286,180
"Taken 3",326479141,4.8e+07,2015-01-09,680.164877083333,8
"The Hunchback of Notre Dame",325338851,1e+08,1996-06-21,325.338851,172
"A Christmas Carol (2009)",325286646,2e+08,2009-11-06,162.643323,309
"The SpongeBob Movie:Sponge Out of Water",325186032,7.4e+07,2015-02-06,439.440583783784,36
"Megamind",321885765,1.3e+08,2010-11-05,247.604434615385,308
"Lethal Weapon 3",321731527,3.5e+07,1992-05-15,919.232934285714,135
"Robin Hood",321669741,2e+08,2010-05-14,160.8348705,133
"Inglourious Basterds",321455689,7e+07,2009-08-21,459.222412857143,232
"Schindler's List",321306305,2.2e+07,1993-12-15,1460.48320454545,348
"The Conjuring 2",320392818,4e+07,2016-06-10,800.982045,161
"Peter Rabbit",320063505,5e+07,2018-02-09,640.12701,39
"The Last Airbender",319713881,1.5e+08,2010-07-01,213.142587333333,181
"The Conjuring",319494638,2e+07,2013-07-19,1597.47319,199
"The Proposal",317375031,4e+07,2009-06-19,793.4375775,169
"Air Force One",315156409,8.5e+07,1997-07-25,370.772245882353,205
"The Expendables 2",314975955,1e+08,2012-08-17,314.975955,229
"Chicken Little",314432837,1.5e+08,2005-11-04,209.621891333333,307
"As Good as It Gets",314178011,5e+07,1997-12-23,628.356022,356
"A Beautiful Mind",313542341,5.8e+07,2001-12-21,540.590243103448,354
"Maze Runner:The Scorch Trials",312325103,6.1e+07,2015-09-18,512.00836557377,260
"Resident Evil:The Final Chapter",312242626,4e+07,2017-01-27,780.606565,26
"Austin Powers:The Spy Who Shagged Me",312016858,3.3e+07,1999-06-11,945.50563030303,161
"The LEGO Batman Movie",311950384,8e+07,2017-02-10,389.93798,40
"Little Fockers",310650585,1e+08,2010-12-22,310.650585,355
"The Polar Express",310634054,1.65e+08,2004-11-10,188.263063030303,314
"Bolt",309979994,1.5e+08,2008-11-21,206.653329333333,325
"Runaway Bride",309457509,7e+07,1999-07-30,442.082155714286,210
"The Blind Side",309208309,2.9e+07,2009-11-20,1066.23554827586,323
"The Fault in our Stars",307166834,1.2e+07,2014-06-06,2559.72361666667,156
"The Pursuit of Happyness",307077295,5.5e+07,2006-12-15,558.322354545455,348
"Rise of the Guardians",306941670,1.45e+08,2012-11-21,211.683910344828,325
"Close Encounters of the Third Kind",306889114,2e+07,1977-11-16,1534.44557,319
"Chicago",306776732,4.5e+07,2002-12-27,681.726071111111,360
"Annabelle:Creation",306515884,1.5e+07,2017-08-11,2043.43922666667,222
"Wrath of the Titans",305270083,1.5e+08,2012-03-30,203.513388666667,89
"A Good Day to Die Hard",304654182,9.2e+07,2013-02-14,331.14585,44
"Passengers (2016)",303144152,1.1e+08,2016-12-21,275.585592727273,355
"Battleship",303025485,2.09e+08,2012-05-18,144.988270334928,138
"G.I. Joe:The Rise of Cobra",302469017,1.75e+08,2009-08-07,172.839438285714,218
"Hook",300854823,7e+07,1991-12-11,429.792604285714,344
"Van Helsing",300257475,1.6e+08,2004-05-07,187.660921875,127
"Resident Evil:Afterlife",300228084,6e+07,2010-09-10,500.38014,252
"Superman",300218018,5.5e+07,1978-12-15,545.850941818182,348
"Stuart Little",300135367,1.33e+08,1999-12-17,225.665689473684,350
"Alice Through the Looking Glass",299457024,1.7e+08,2016-05-27,176.151190588235,147
"My Best Friend's Wedding",299288605,3.8e+07,1997-06-20,787.601592105263,170
"The Divergent Series:Insurgent",297276329,1.1e+08,2015-03-20,270.251208181818,78
"Dr. Seuss' Horton Hears a Who!",297138014,8.5e+07,2008-03-14,349.574134117647,73
"Austin Powers in Goldmember",296655431,6.3e+07,2002-07-26,470.881636507936,206
"Miss Peregrine's Home for Peculiar Children",296485719,1.1e+08,2016-09-30,269.532471818182,273
"X-Men",296339527,7.5e+07,2000-07-14,395.119369333333,195
"Ghostbusters",295212467,3e+07,1984-06-08,984.041556666667,159
"Shutter Island",294804195,8e+07,2010-02-19,368.50524375,49
"Ferdinand",294754481,1.11e+08,2017-12-15,265.544577477478,348
"Salt",293503354,1.1e+08,2010-07-23,266.821230909091,203
"G-Force",292817841,1.5e+08,2009-07-24,195.211894,204
"The Departed",291465034,9e+07,2006-10-06,323.850037777778,278
"What Lies Beneath",291420351,1e+08,2000-07-21,291.420351,202
"Shakespeare in Love",289317794,2.5e+07,1998-12-11,1157.271176,344
"Fantastic Four:Rise of the Silver Surfer",289047763,1.3e+08,2007-06-15,222.344433076923,165
"Divergent",288885818,8.5e+07,2014-03-21,339.865668235294,79
"The Bourne Supremacy",288500217,7.5e+07,2004-07-23,384.666956,204
"Bridesmaids",288383523,3.2e+07,2011-05-13,901.198509375,132
"Sex and the City 2",288347692,1e+08,2010-05-27,288.347692,146
"Pacific Rim Uprising",288284735,1.5e+08,2018-03-23,192.189823333333,81
"Bee Movie",287594577,1.5e+08,2007-11-02,191.729718,305
"American Pie 2",287553595,3e+07,2001-08-10,958.511983333333,221
"Pitch Perfect 2",287506194,2.9e+07,2015-05-15,991.400668965517,134
"The Green Mile",286801374,6e+07,1999-12-10,478.00229,343
"Oblivion",286168572,1.2e+08,2013-04-19,238.47381,108
"Elysium",286140700,1.15e+08,2013-08-09,248.818,220
"Lethal Weapon 4",285444603,1.4e+08,1998-07-10,203.889002142857,190
"Wedding Crashers",285176741,4e+07,2005-07-15,712.9418525,195
"Maze Runner:The Death Cure",284879049,6.2e+07,2018-01-26,459.482337096774,25
"John Carter",284139100,2.5e+08,2012-03-09,113.65564,68
"Turbo",282570682,1.35e+08,2013-07-17,209.311616296296,197
"Bridget Jones's Diary",281929795,2.5e+07,2001-04-13,1127.71918,102
"The Tourist",278346189,1e+08,2010-12-10,278.346189,343
"Scary Movie",278019771,1.9e+07,2000-07-07,1463.26195263158,188
"XXX",277448382,7e+07,2002-08-09,396.354831428571,220
"The Bourne Legacy",276144750,1.25e+08,2012-08-10,220.9158,222
"Mr. Peabody & Sherman",275698039,1.45e+08,2014-03-07,190.13657862069,65
"Scooby-Doo",275650703,8.4e+07,2002-06-14,328.155598809524,164
"Lincoln",275293450,6.5e+07,2012-11-09,423.528384615385,313
"Lara Croft:Tomb Raider",274703340,1.15e+08,2001-06-15,238.872469565217,165
"The Expendables",274470394,8e+07,2010-08-13,343.0879925,224
"Cloudy with a Chance of Meatballs 2",274325949,7.8e+07,2013-09-27,351.699934615385,269
"The Nutty Professor (1996)",273961019,5.4e+07,1996-06-28,507.33522037037,179
"Jerry Maguire",273552592,5e+07,1996-12-13,547.105184,347
"Bad Boys II",273339556,1.3e+08,2003-07-18,210.261196923077,198
"Lilo & Stitch",273144151,8e+07,2002-06-21,341.43018875,171
"The Silence of the Lambs",272742922,1.9e+07,1991-02-14,1435.48906315789,44
"Tomb Raider",272235511,9.4e+07,2018-03-16,289.612245744681,74
"Grown Ups",271430189,8e+07,2010-06-25,339.28773625,175
"Neighbors",270665134,1.8e+07,2014-05-09,1503.69518888889,128
"We're the Millers",269994119,3.7e+07,2013-08-07,729.713835135135,218
"Gran Torino",269958228,3.3e+07,2008-12-12,818.055236363636,346
"10,000 B.C.",269784201,1.05e+08,2008-03-07,256.937334285714,66
"Epic",268426634,1e+08,2013-05-24,268.426634,143
"Exodus:Gods and Kings",268175631,1.4e+08,2014-12-12,191.554022142857,345
"Paddington",268047808,5.5e+07,2015-01-16,487.359650909091,15
"The Princess and the Frog",267045765,1.05e+08,2009-11-25,254.3293,328
"Batman Returns",266822354,8e+07,1992-06-19,333.5279425,170
"Something's Gotta Give",266728738,8e+07,2003-12-12,333.4109225,345
"American Gangster",266465037,1e+08,2007-11-02,266.465037,305
"Waterworld",264218220,1.75e+08,1995-07-28,150.98184,208
"Charlie's Angels",264105545,9.3e+07,2000-11-03,283.984456989247,307
"The Incredible Hulk",263427551,1.5e+08,2008-06-13,175.618367333333,164
"Jumanji",262797249,6.5e+07,1995-12-15,404.30346,348
"Bridget Jones:The Edge of Reason",262520724,4e+07,2004-11-12,656.30181,316
"Knight & Day",261930436,1.17e+08,2010-06-23,223.872167521368,173
"Borat:Cultural Learnings of America for Make Benefit Glorious Nation of Kazakhstan",261572744,1.8e+07,2006-11-03,1453.18191111111,306
"Total Recall",261317921,6.5e+07,1990-06-01,402.027570769231,151
"Robots",260718330,7.5e+07,2005-03-11,347.62444,69
"The Lone Ranger",260502115,2.15e+08,2013-07-03,121.163774418605,183
"Super 8",260095986,5e+07,2011-06-10,520.191972,160
"Mojin:The Lost Legend",259368448,3.7e+07,2015-12-18,700.995805405405,351
"Blade Runner 2049",259239658,1.5e+08,2017-10-06,172.826438666667,278
"Charlie's Angels:Full Throttle",259175788,1.2e+08,2003-06-27,215.979823333333,177
"Rush Hour 3",258022233,1.4e+08,2007-08-10,184.301595,221
"The Full Monty",257938649,3500000,1997-08-15,7369.67568571429,226
"Annabelle",257047661,6500000,2014-10-03,3954.5794,275
"The Village",256697520,6e+07,2004-07-30,427.8292,211
"Erin Brockovich",256271286,5.2e+07,2000-03-17,492.829396153846,76
"Get Out",255017329,4500000,2017-02-24,5667.05175555556,54
"Cliffhanger",255000211,7e+07,1993-05-28,364.286015714286,147
"Kung Fu Yoga",254212245,6.5e+07,2017-01-27,391.095761538462,26
"High School Musical 3:Senior Year",252909177,1.1e+07,2008-10-24,2299.17433636364,297
"Hercules",252712101,8.5e+07,1997-06-15,297.308354117647,165
"True Grit",252276927,3.8e+07,2010-12-22,663.88665,355
"Bean",251212670,1.8e+07,1997-10-17,1395.62594444444,289
"American Hustle",251171807,4e+07,2013-12-13,627.9295175,346
"You've Got Mail",250821495,6.5e+07,1998-12-18,385.879223076923,351
"Enemy of the State",250649836,9e+07,1998-11-20,278.499817777778,323
"The Mask of Zorro",250288523,9.5e+07,1998-07-17,263.461603157895,197
"Eragon",249488115,1e+08,2006-12-15,249.488115,348
"The Ring",249348933,4.8e+07,2002-10-18,519.47694375,290
"Unbreakable",248118121,7.5e+07,2000-11-22,330.824161333333,326
"Dumb and Dumber",247275374,1.7e+07,1994-12-16,1454.56102352941,349
"Grown Ups 2",246984278,8e+07,2013-07-12,308.7303475,192
"Love Actually",246942017,4e+07,2003-11-07,617.3550425,310
"The Peanuts Movie",246233113,9.9e+07,2015-11-06,248.720316161616,309
"Rango",245724603,1.35e+08,2011-03-04,182.018224444444,62
"Four Weddings and a Funeral",245700832,4400000,1994-03-11,5584.10981818182,69
"Face/Off",245676146,8e+07,1997-06-27,307.0951825,177
"Teenage Mutant Ninja Turtles:Out of the Shadows",245623848,1.35e+08,2016-06-03,181.943591111111,154
"Dark Shadows",245527149,1.5e+08,2012-05-11,163.684766,131
"Hulk",245360480,1.37e+08,2003-06-20,179.095240875912,170
"Pixels",244874809,8.8e+07,2015-07-24,278.266828409091,204
"Hercules (2014)",244819862,1e+08,2014-07-25,244.819862,205
"A Quiet Place",244771019,1.7e+07,2018-04-06,1439.82952352941,95
"Back to the Future Part III",244527583,4e+07,1990-05-25,611.3189575,144
"Rush Hour",244386864,3.3e+07,1998-09-18,740.566254545455,260
"After Earth",243843127,1.3e+08,2013-05-31,187.571636153846,150
"A Few Good Men",243240178,4e+07,1992-12-11,608.100445,345
"Cloudy with a Chance of Meatballs",243006126,1e+08,2009-09-18,243.006126,260
"8 Mile",242875078,4.1e+07,2002-11-08,592.37823902439,311
"RoboCop (2014)",242688965,1e+08,2014-02-12,242.688965,42
"Eraser",242295562,1e+08,1996-06-21,242.295562,172
"Journey to the Center of the Earth",241995151,6e+07,2008-07-11,403.325251666667,192
"Assassin's Creed",240942515,1.25e+08,2016-12-21,192.754012,355
"Alien:Covenant",240891763,9.7e+07,2017-05-19,248.34202371134,138
"Sully",240797623,6e+07,2016-09-09,401.329371666667,252
"Die Hard 2:Die Harder",240031094,7e+07,1990-07-06,342.901562857143,186
"Resident Evil:Retribution",240004424,6.5e+07,2012-09-14,369.237575384615,257
"Planes",239258712,5e+07,2013-08-09,478.517424,220
"Batman and Robin",238207122,1.25e+08,1997-06-20,190.5656976,170
"Click",237681299,8.2e+07,2006-06-23,289.855242682927,173
"Gulliver's Travels",237382724,1.12e+08,2010-12-25,211.948860714286,358
"Gone in 60 Seconds",237202299,9e+07,2000-06-09,263.55811,160
"Silver Linings Playbook",236412453,2.1e+07,2012-11-16,1125.77358571429,320
"2 Fast 2 Furious",236350661,7.6e+07,2003-06-06,310.987711842105,156
"Hidden Figures",235956898,2.5e+07,2016-12-25,943.827592,359
"A.I. Artificial Intelligence",235926552,1e+08,2001-06-29,235.926552,179
"Spy",235666219,6.5e+07,2015-06-05,362.563413846154,155
"American Pie",235483004,1.1e+07,1999-07-09,2140.75458181818,189
"American Reunion",234989584,5e+07,2012-04-06,469.979168,96
"Big Daddy",234801895,3.4e+07,1999-06-25,690.593808823529,175
"The Day the Earth Stood Still (2008)",233093859,8e+07,2008-12-12,291.36732375,346
"The Girl with the Dragon Tattoo (2011)",232617430,9e+07,2011-12-21,258.463811111111,354
"Argo",232325503,4.4e+07,2012-10-12,528.012506818182,285
"The English Patient",231976425,2.7e+07,1996-11-15,859.171944444444,319
"American Wedding",231449203,5.5e+07,2003-08-01,420.816732727273,212
"Juno",231411584,7500000,2007-12-05,3085.48778666667,338
"Constantine",230884728,1e+08,2005-02-18,230.884728,48
"Get Smart",230685453,8e+07,2008-06-20,288.35681625,171
"The Heat",229930771,4.3e+07,2013-06-28,534.722723255814,178
"Ghostbusters (2016)",229147509,1.44e+08,2016-07-15,159.130214583333,196
"Ghost Rider",228738393,1.1e+08,2007-02-16,207.943993636364,46
"The Green Hornet",227817248,1.2e+08,2011-01-14,189.847706666667,13
"Sleepless in Seattle",227799884,2.1e+07,1993-06-25,1084.76135238095,175
"Baby Driver",226945087,3.4e+07,2017-06-28,667.48555,178
"Immortals",226904017,7.5e+07,2011-11-11,302.538689333333,314
"Taken",226830568,2.5e+07,2009-01-30,907.322272,29
"Percy Jackson & The Olympians:The Lightning Thief",226497209,9.5e+07,2010-02-12,238.418114736842,42
"Hansel and Gretel:Witch Hunters",226349749,5e+07,2013-01-25,452.699498,24
"Valerian and the City of a Thousand Planets",225874228,1.77e+08,2017-07-21,127.61255819209,201
"The Social Network",224920315,4e+07,2010-10-01,562.3007875,273
"Chicken Run",224834564,4.5e+07,2000-06-23,499.632364444444,174
"Con Air",224012234,7.5e+07,1997-06-06,298.682978666667,156
"Interview with the Vampire",223664608,6e+07,1994-11-11,372.774346666667,314
"Yes Man",223241637,7e+07,2008-12-19,318.916624285714,353
"Non-Stop",222809600,5e+07,2014-02-28,445.6192,58
"Jumper",222231186,8.5e+07,2008-02-14,261.448454117647,44
"Wild Wild West",222104681,1.7e+08,1999-06-30,130.649812352941,180
"Geostorm",221600160,1.2e+08,2017-10-20,184.6668,292
"Scary Movie 3",220673217,4.8e+07,2003-10-24,459.73586875,296
"Elf",220443451,3.3e+07,2003-11-07,668.010457575758,310
"Inferno",220021259,7.5e+07,2016-10-28,293.361678666667,301
"Green Lantern",219851172,2e+08,2011-06-17,109.925586,167
"The Terminal",219417255,6e+07,2004-06-18,365.695425,169
"What Happens in Vegas",219375797,3.5e+07,2008-05-09,626.787991428571,129
"It's Complicated",219103655,8.5e+07,2009-12-25,257.769005882353,358
"Knocked Up",219076518,3e+07,2007-06-01,730.25506,151
"Captain Phillips",218791811,5.5e+07,2013-10-11,397.803292727273,283
"The Prince of Egypt",218613188,7e+07,1998-12-18,312.304554285714,351
"Jack Reacher",218340595,6e+07,2012-12-21,363.900991666667,355
"The Emoji Movie",217776646,5e+07,2017-07-28,435.553292,208
"Collateral",217764291,6.5e+07,2004-08-06,335.021986153846,218
"Dracula Untold",217124280,7e+07,2014-10-10,310.177542857143,282
"Central Intelligence",216972543,5e+07,2016-06-17,433.945086,168
"Million Dollar Baby",216763646,3e+07,2004-12-15,722.545486666667,349
"Ted 2",216691733,6.8e+07,2015-06-26,318.664313235294,176
"The Help",216639112,2.5e+07,2011-08-10,866.556448,221
"Twins",216614388,1.5e+07,1988-12-09,1444.09592,343
"Valentine's Day",216485654,5.2e+07,2010-02-12,416.318565384615,42
"Bad Teacher",216197492,2e+07,2011-06-24,1080.98746,174
"Clear and Present Danger",215887717,6.2e+07,1994-08-05,348.20599516129,216
"Bram Stoker's Dracula",215862692,4e+07,1992-11-13,539.65673,317
"Vertical Limit",215663859,7.5e+07,2000-12-08,287.551812,342
"The Patriot",215294342,1.1e+08,2000-06-28,195.722129090909,179
"The Sorcerer's Apprentice",215283742,1.5e+08,2010-07-14,143.522494666667,194
"Just Go With It",214945591,8e+07,2011-02-11,268.68198875,41
"Public Enemies",214104620,1e+08,2009-07-01,214.10462,181
"The Bourne Identity",214034224,6e+07,2002-06-14,356.723706666667,164
"Disclosure",214015089,5.5e+07,1994-12-09,389.118343636364,342
"The Aviator",213741459,1.1e+08,2004-12-17,194.310417272727,351
"Crouching Tiger, Hidden Dragon",213525736,1.7e+07,2000-12-08,1256.03374117647,342
"Braveheart",213216216,7.2e+07,1995-05-24,296.133633333333,143
"Into the Woods",213116401,5e+07,2014-12-25,426.232802,358
"Bedtime Stories",212874442,8e+07,2008-12-25,266.0930525,359
"Miss Congeniality",212742720,4.5e+07,2000-12-22,472.7616,356
"Entrapment",212404396,6.6e+07,1999-04-30,321.824842424242,119
"Master and Commander:The Far Side of the World",212011111,1.5e+08,2003-11-14,141.340740666667,317
"End of Days",211989043,1e+08,1999-11-24,211.989043,327
"Bridget Jones's Baby",211952420,3.5e+07,2016-09-16,605.578342857143,259
"Battle:Los Angeles",211819354,7e+07,2011-03-11,302.599077142857,69
"Fury (2014)",211817906,6.8e+07,2014-10-17,311.496920588235,289
"Due Date",211780824,6.5e+07,2010-11-05,325.816652307692,308
"Kingdom of Heaven",211652051,1.3e+08,2005-05-06,162.80927,125
"Australia",211342221,1.3e+08,2008-11-26,162.570939230769,330
"District 9",210819611,3e+07,2009-08-14,702.732036666667,225
"The Others",209947037,1.7e+07,2001-08-10,1234.98257058824,221
"Horrible Bosses",209638559,3.5e+07,2011-07-08,598.967311428571,188
"Red Dragon",209196298,7.8e+07,2002-10-04,268.200382051282,276
"Tomorrowland",209154322,1.9e+08,2015-05-22,110.081222105263,141
"Lemony Snicket's A Series of Unfortunate Events",209073645,1.4e+08,2004-12-17,149.338317857143,351
"Me Before You",208314186,2e+07,2016-06-03,1041.57093,154
"Safe House",208076205,8.5e+07,2012-02-10,244.795535294118,40
"S.W.A.T.",207725639,8e+07,2003-08-08,259.65704875,219
"The Fast and the Furious",207283925,3.8e+07,2001-06-22,545.484013157895,172
"Philadelphia",206678440,2.6e+07,1993-12-24,794.917076923077,357
"Sleepy Hollow",206071502,1e+08,1999-11-19,206.071502,322
"London Has Fallen",205908795,6e+07,2016-03-04,343.181325,63
"White House Down",205366737,1.5e+08,2013-06-28,136.911158,178
"The Ugly Truth",205298907,3.8e+07,2009-07-24,540.260281578947,204
"The Holiday",205135324,8.5e+07,2006-12-08,241.335675294118,341
"The Break-Up",204999686,5.2e+07,2006-06-02,394.230165384615,152
"Eat Pray Love",204594016,6e+07,2010-08-13,340.990026666667,224
"King Arthur",203567857,1.2e+08,2004-07-07,169.639880833333,188
"Everest (2015)",203427584,5.5e+07,2015-09-18,369.868334545455,260
"Vanilla Sky",203388341,6.8e+07,2001-12-14,299.100501470588,347
"Arrival",203388186,4.7e+07,2016-11-11,432.740821276596,315
"Need for Speed",203277636,6.6e+07,2014-03-14,307.996418181818,72
"Patch Adams",202292902,9e+07,1998-12-25,224.769891111111,358
"Fun with Dick and Jane",202026112,1e+08,2005-12-21,202.026112,354
"Teenage Mutant Ninja Turtles",201965915,1.3e+07,1990-03-30,1553.58396153846,88
"Kindergarten Cop",201957688,1.5e+07,1990-12-22,1346.38458666667,355
"Straight Outta Compton",201634991,2.8e+07,2015-08-14,720.124967857143,225
"21 Jump Street",201585328,4.2e+07,2012-03-16,479.965066666667,75
"Yogi Bear",201584141,8e+07,2010-12-17,251.98017625,350
"Garfield:The Movie",200804534,5e+07,2004-06-11,401.609068,162
"Cats & Dogs",200687492,6e+07,2001-07-04,334.479153333333,184
"The Hunt for Red October",200512643,3e+07,1990-03-02,668.375476666667,60
"Valkyrie",200276784,7.5e+07,2008-12-25,267.035712,359
